time,icao24,lat,lon,velocity,heading,vertrate,callsign,onground,alert,spi,squawk,baroaltitude,geoaltitude,lastposupdate,lastcontact
1577059200,502cdf,49.4723053,21.27639771,237.352219,339.4439548,0,ART9771 ,FALSE,FALSE,FALSE,5620,11590.02,11414.76,1577059199,1577059200
1577059210,502cdf,49.4934082,21.26425492,236.6900882,339.5168316,0.32512,ART9771 ,FALSE,FALSE,FALSE,5620,11590.02,11407.14,1577059210,1577059210
1577059220,502cdf,49.51379808,21.25260637,236.6900882,339.5168316,0,ART9771 ,FALSE,FALSE,FALSE,5620,11590.02,11407.14,1577059220,1577059220
1577059230,502cdf,49.53372244,21.24117465,236.6900882,339.5168316,0,ART9771 ,FALSE,FALSE,FALSE,5620,11590.02,11407.14,1577059230,1577059230
1577059240,502cdf,49.55360025,21.22974293,236.2082385,339.473165,0,ART9771 ,FALSE,FALSE,FALSE,5620,11590.02,11407.14,1577059240,1577059240
1577059250,502cdf,49.57366426,21.21823697,235.7265265,339.4293198,0.32512,ART9771 ,FALSE,FALSE,FALSE,5620,11590.02,11414.76,1577059250,1577059250
1577059260,502cdf,49.59284378,21.20717641,235.06432,339.5026595,0.32512,ART9771 ,FALSE,FALSE,FALSE,5620,11597.64,11414.76,1577059260,1577059260
1577059270,502cdf,49.6131134,21.19559037,234.5825154,339.4586611,0,ART9771 ,FALSE,FALSE,FALSE,5620,11597.64,11414.76,1577059270,1577059270
1577059280,502cdf,49.63279724,21.18417037,234.1008497,339.4144816,-0.32512,ART9771 ,FALSE,FALSE,FALSE,5620,11597.64,11414.76,1577059280,1577059280
1577059290,502cdf,49.65188599,21.17311177,234.2822258,339.296703,-0.32512,ART9771 ,FALSE,FALSE,FALSE,5620,11590.02,11414.76,1577059290,1577059290
1577059300,502cdf,49.67240156,21.16115261,233.8010734,339.2521334,0,ART9771 ,FALSE,FALSE,FALSE,5620,11590.02,11407.14,1577059300,1577059300
1577059310,502cdf,49.69093323,21.15041632,233.6193238,339.3701201,0,ART9771 ,FALSE,FALSE,FALSE,5620,11590.02,11407.14,1577059309,1577059310
1577059320,502cdf,49.71148682,21.1384181,233.1379385,339.3255752,-0.32512,ART9771 ,FALSE,FALSE,FALSE,5620,11590.02,11407.14,1577059320,1577059320
1577059330,502cdf,49.73115048,21.12700591,233.1379385,339.3255752,-0.32512,ART9771 ,FALSE,FALSE,FALSE,5620,11582.4,11399.52,1577059330,1577059330
1577059340,502cdf,49.75051621,21.11572266,233.1379385,339.3255752,-0.32512,ART9771 ,FALSE,FALSE,FALSE,5620,11582.4,11399.52,1577059340,1577059340
1577059350,502cdf,49.76950953,21.1046621,233.1379385,339.3255752,-0.32512,ART9771 ,FALSE,FALSE,FALSE,5620,11574.78,11391.9,1577059350,1577059350
1577059360,502cdf,49.78894043,21.09331633,233.1379385,339.3255752,0,ART9771 ,FALSE,FALSE,FALSE,5620,11574.78,11391.9,1577059360,1577059360
1577059370,502cdf,49.80871582,21.08182405,232.6566947,339.2808461,0,ART9771 ,FALSE,FALSE,FALSE,5620,11574.78,11391.9,1577059370,1577059370
1577059380,502cdf,49.82835155,21.07036694,233.1379385,339.3255752,0,ART9771 ,FALSE,FALSE,FALSE,5620,11574.78,11391.9,1577059380,1577059380
1577059390,502cdf,49.8480897,21.05878675,233.1379385,339.3255752,0,ART9771 ,FALSE,FALSE,FALSE,5620,11574.78,11391.9,1577059390,1577059390
1577059400,502cdf,49.8676882,21.04742927,232.9568075,339.4439548,0.32512,ART9771 ,FALSE,FALSE,FALSE,5620,11574.78,11391.9,1577059400,1577059400
1577059410,502cdf,49.88731384,21.03592722,232.6566947,339.2808461,0.32512,ART9771 ,FALSE,FALSE,FALSE,5620,11574.78,11391.9,1577059410,1577059410
1577059420,502cdf,49.90697828,21.02449159,232.6566947,339.2808461,0,ART9771 ,FALSE,FALSE,FALSE,5620,11582.4,11399.52,1577059420,1577059420
1577059430,502cdf,49.92640686,21.01308722,232.6566947,339.2808461,0,ART9771 ,FALSE,FALSE,FALSE,5620,11574.78,11391.9,1577059430,1577059430
1577059440,502cdf,49.94622182,21.00140546,233.3200631,339.20738,0,ART9771 ,FALSE,FALSE,FALSE,5620,11574.78,11391.9,1577059440,1577059440
1577059450,502cdf,49.96577376,20.98989951,232.8391958,339.1624417,0,ART9771 ,FALSE,FALSE,FALSE,5620,11574.78,11391.9,1577059450,1577059450
1577059460,502cdf,49.98522949,20.97839355,233.0226896,339.0442233,0,ART9771 ,FALSE,FALSE,FALSE,5620,11574.78,11391.9,1577059460,1577059460
1577059470,502cdf,50.00427246,20.9671103,233.0226896,339.0442233,0,ART9771 ,FALSE,FALSE,FALSE,5620,11582.4,11391.9,1577059470,1577059470
1577059480,502cdf,50.02419682,20.95523319,233.5031791,339.0893696,0,ART9771 ,FALSE,FALSE,FALSE,5620,11574.78,11399.52,1577059480,1577059480
1577059490,502cdf,50.04379531,20.94372724,233.3200631,339.20738,0,ART9771 ,FALSE,FALSE,FALSE,5620,11582.4,11399.52,1577059490,1577059490
1577059500,502cdf,50.0633938,20.93214705,233.6193238,339.3701201,0,ART9771 ,FALSE,FALSE,FALSE,5620,11582.4,11399.52,1577059500,1577059500
1577059510,502cdf,50.08238712,20.92101226,233.6193238,339.3701201,0,ART9771 ,FALSE,FALSE,FALSE,5620,11582.4,11399.52,1577059510,1577059510
1577059520,502cdf,50.10209656,20.90943989,233.6193238,339.3701201,0,ART9771 ,FALSE,FALSE,FALSE,5620,11582.4,11399.52,1577059520,1577059520
1577059530,502cdf,50.12150574,20.89809217,233.8010734,339.2521334,0,ART9771 ,FALSE,FALSE,FALSE,5620,11582.4,11399.52,1577059529,1577059530
1577059540,502cdf,50.14151001,20.88631078,233.8010734,339.2521334,0,ART9771 ,FALSE,FALSE,FALSE,5620,11582.4,11391.9,1577059540,1577059540
1577059550,502cdf,50.16101385,20.87476576,233.8010734,339.2521334,0,ART9771 ,FALSE,FALSE,FALSE,5620,11582.4,11399.52,1577059550,1577059550
1577059560,502cdf,50.18079855,20.86311134,233.3200631,339.20738,0,ART9771 ,FALSE,FALSE,FALSE,5620,11582.4,11391.9,1577059560,1577059560
1577059570,502cdf,50.20021083,20.85160539,233.8010734,339.2521334,0,ART9771 ,FALSE,FALSE,FALSE,5620,11582.4,11399.52,1577059570,1577059570
1577059580,502cdf,50.22029114,20.83969116,233.983813,339.1343306,0,ART9771 ,FALSE,FALSE,FALSE,5620,11582.4,11399.52,1577059580,1577059580
1577059590,502cdf,50.23978023,20.82814809,233.5031791,339.0893696,0.32512,ART9771 ,FALSE,FALSE,FALSE,5620,11590.02,11407.14,1577059590,1577059590
1577059600,502cdf,50.25888062,20.81677889,233.3200631,339.20738,0.32512,ART9771 ,FALSE,FALSE,FALSE,5620,11590.02,11407.14,1577059600,1577059600
1577059610,502cdf,50.27893066,20.8049135,233.3200631,339.20738,0,ART9771 ,FALSE,FALSE,FALSE,5620,11590.02,11407.14,1577059610,1577059610
1577059620,502cdf,50.29820251,20.79350522,233.3200631,339.20738,-0.32512,ART9771 ,FALSE,FALSE,FALSE,5620,11590.02,11399.52,1577059620,1577059620
1577059630,502cdf,50.31766213,20.78197582,233.3200631,339.20738,0,ART9771 ,FALSE,FALSE,FALSE,5620,11590.02,11399.52,1577059630,1577059630
1577059640,502cdf,50.33660889,20.7707668,233.1379385,339.3255752,0,ART9771 ,FALSE,FALSE,FALSE,5620,11590.02,11399.52,1577059639,1577059640
1577059650,502cdf,50.35695221,20.75874122,233.3200631,339.20738,-0.32512,ART9771 ,FALSE,FALSE,FALSE,5620,11582.4,11391.9,1577059650,1577059650
1577059660,502cdf,50.37613174,20.7473095,233.0226896,339.0442233,0,ART9771 ,FALSE,FALSE,FALSE,5620,11582.4,11391.9,1577059660,1577059660
1577059670,502cdf,50.39575195,20.73561016,233.0226896,339.0442233,-0.32512,ART9771 ,FALSE,FALSE,FALSE,5620,11582.4,11391.9,1577059670,1577059670
1577059680,502cdf,50.41500286,20.7240749,233.6872841,338.9715447,-0.32512,ART9771 ,FALSE,FALSE,FALSE,5620,11582.4,11391.9,1577059680,1577059680
1577059690,502cdf,50.43507385,20.7119751,233.6872841,338.9715447,-0.32512,ART9771 ,FALSE,FALSE,FALSE,5620,11574.78,11384.28,1577059690,1577059690
1577059700,502cdf,50.45415329,20.70054338,234.1675401,339.0167121,0,ART9771 ,FALSE,FALSE,FALSE,5620,11574.78,11384.28,1577059699,1577059700
1577059710,502cdf,50.47462463,20.68819548,234.1675401,339.0167121,0,ART9771 ,FALSE,FALSE,FALSE,5620,11574.78,11384.28,1577059710,1577059710
1577059720,502cdf,50.49395545,20.67656646,234.1675401,339.0167121,0,ART9771 ,FALSE,FALSE,FALSE,5620,11582.4,11391.9,1577059720,1577059720
1577059730,502cdf,50.51385498,20.66456042,234.3522525,338.8992785,0.32512,ART9771 ,FALSE,FALSE,FALSE,5620,11582.4,11391.9,1577059730,1577059730
1577059740,502cdf,50.53326416,20.65285131,234.1675401,339.0167121,0.32512,ART9771 ,FALSE,FALSE,FALSE,5620,11582.4,11391.9,1577059740,1577059740
1577059750,502cdf,50.55249023,20.64121447,234.1675401,339.0167121,0,ART9771 ,FALSE,FALSE,FALSE,5620,11590.02,11399.52,1577059750,1577059750
1577059760,502cdf,50.57202355,20.62942917,234.3522525,338.8992785,0,ART9771 ,FALSE,FALSE,FALSE,5620,11590.02,11399.52,1577059760,1577059760
1577059770,502cdf,50.59222722,20.6171809,234.3522525,338.8992785,0,ART9771 ,FALSE,FALSE,FALSE,5620,11590.02,11399.52,1577059770,1577059770
1577059780,502cdf,50.61154175,20.6055089,234.3522525,338.8992785,0,ART9771 ,FALSE,FALSE,FALSE,5620,11590.02,11399.52,1577059780,1577059780
1577059790,502cdf,50.63095093,20.59372751,234.3522525,338.8992785,0.32512,ART9771 ,FALSE,FALSE,FALSE,5620,11590.02,11391.9,1577059790,1577059790
1577059800,502cdf,50.65036011,20.58194612,234.3522525,338.8992785,0,ART9771 ,FALSE,FALSE,FALSE,5620,11590.02,11399.52,1577059800,1577059800
1577059810,502cdf,50.67062119,20.56967246,234.1675401,339.0167121,0,ART9771 ,FALSE,FALSE,FALSE,5620,11590.02,11399.52,1577059810,1577059810
1577059820,502cdf,50.69009399,20.55794381,233.6872841,338.9715447,0,ART9771 ,FALSE,FALSE,FALSE,5620,11590.02,11391.9,1577059820,1577059820
1577059830,502cdf,50.70986938,20.54599246,233.207174,338.9261914,0,ART9771 ,FALSE,FALSE,FALSE,5620,11590.02,11391.9,1577059830,1577059830
1577059840,502cdf,50.72890459,20.53443909,233.207174,338.9261914,-0.32512,ART9771 ,FALSE,FALSE,FALSE,5620,11590.02,11391.9,1577059840,1577059840
1577059850,502cdf,50.74840998,20.52253723,233.207174,338.9261914,-0.32512,ART9771 ,FALSE,FALSE,FALSE,5620,11590.02,11391.9,1577059850,1577059850
1577059860,502cdf,50.76800537,20.51058383,232.7272105,338.8806509,0,ART9771 ,FALSE,FALSE,FALSE,5620,11590.02,11391.9,1577059860,1577059860
1577059870,502cdf,50.78727722,20.49885518,232.7272105,338.8806509,0,ART9771 ,FALSE,FALSE,FALSE,5620,11582.4,11384.28,1577059870,1577059870
1577059880,502cdf,50.80677795,20.4870523,232.5423454,338.9988904,0,ART9771 ,FALSE,FALSE,FALSE,5620,11582.4,11391.9,1577059880,1577059880
1577059890,502cdf,50.82689706,20.47477722,232.2473947,338.8349222,0,ART9771 ,FALSE,FALSE,FALSE,5620,11590.02,11384.28,1577059890,1577059890
1577059900,502cdf,50.84575071,20.46325684,232.2473947,338.8349222,0,ART9771 ,FALSE,FALSE,FALSE,5620,11582.4,11384.28,1577059900,1577059900
1577059910,502cdf,50.86516299,20.45143127,231.7677274,338.7890043,0,ART9771 ,FALSE,FALSE,FALSE,5620,11582.4,11384.28,1577059910,1577059910
1577059920,502cdf,50.88471493,20.43945313,231.7677274,338.7890043,0,ART9771 ,FALSE,FALSE,FALSE,5620,11582.4,11384.28,1577059920,1577059920
1577059930,502cdf,50.90423584,20.42751828,231.7677274,338.7890043,-0.32512,ART9771 ,FALSE,FALSE,FALSE,5620,11582.4,11384.28,1577059930,1577059930
1577059940,502cdf,50.92341614,20.4157154,231.7677274,338.7890043,-0.32512,ART9771 ,FALSE,FALSE,FALSE,5620,11582.4,11384.28,1577059940,1577059940
1577059950,502cdf,50.94277954,20.40383829,231.7677274,338.7890043,0,ART9771 ,FALSE,FALSE,FALSE,5620,11574.78,11384.28,1577059950,1577059950
1577059960,502cdf,50.96218872,20.39188694,231.9543509,338.6705385,0,ART9771 ,FALSE,FALSE,FALSE,5620,11574.78,11376.66,1577059960,1577059960
1577059970,502cdf,50.98126428,20.38002014,231.4752197,338.624222,0,ART9771 ,FALSE,FALSE,FALSE,5620,11574.78,11376.66,1577059970,1577059970
1577059980,502cdf,51.00068665,20.36791002,231.9543509,338.6705385,0,ART9771 ,FALSE,FALSE,FALSE,5620,11574.78,11376.66,1577059980,1577059980
1577059990,502cdf,51.02064514,20.35566175,231.7677274,338.7890043,0,ART9771 ,FALSE,FALSE,FALSE,5620,11574.78,11376.66,1577059990,1577059990
1577060000,502cdf,51.04005432,20.34371041,231.7677274,338.7890043,0,ART9771 ,FALSE,FALSE,FALSE,5620,11582.4,11384.28,1577060000,1577060000
1577060010,502cdf,51.05941772,20.3318333,231.7677274,338.7890043,0,ART9771 ,FALSE,FALSE,FALSE,5620,11582.4,11384.28,1577060010,1577060010
1577060020,502cdf,51.07901001,20.31980772,231.7677274,338.7890043,0.32512,ART9771 ,FALSE,FALSE,FALSE,5620,11582.4,11384.28,1577060020,1577060020
1577060030,502cdf,51.09777832,20.30822754,231.2882097,338.7428959,0.65024,ART9771 ,FALSE,FALSE,FALSE,5620,11582.4,11384.28,1577060030,1577060030
1577060040,502cdf,51.11756923,20.29602051,230.8088423,338.6965959,0.32512,ART9771 ,FALSE,FALSE,FALSE,5620,11590.02,11391.9,1577060040,1577060040
1577060050,502cdf,51.13684185,20.28404236,230.8088423,338.6965959,0,ART9771 ,FALSE,FALSE,FALSE,5620,11590.02,11391.9,1577060050,1577060050
1577060060,502cdf,51.15555585,20.27252197,230.1428353,338.7693889,0,ART9771 ,FALSE,FALSE,FALSE,5620,11590.02,11391.9,1577060060,1577060060
1577060070,502cdf,51.17459572,20.26077271,230.1428353,338.7693889,0,ART9771 ,FALSE,FALSE,FALSE,5620,11590.02,11391.9,1577060070,1577060070
1577060080,502cdf,51.19382179,20.24887085,230.1428353,338.7693889,-0.32512,ART9771 ,FALSE,FALSE,FALSE,5620,11590.02,11391.9,1577060080,1577060080
1577060090,502cdf,51.21286166,20.23704529,229.6633819,338.7229133,-0.32512,ART9771 ,FALSE,FALSE,FALSE,5620,11590.02,11391.9,1577060089,1577060090
1577060100,502cdf,51.23213196,20.22508776,229.6633819,338.7229133,0,ART9771 ,FALSE,FALSE,FALSE,5620,11582.4,11376.66,1577060099,1577060100
1577060110,502cdf,51.25112915,20.21328488,229.6633819,338.7229133,0,ART9771 ,FALSE,FALSE,FALSE,5620,11582.4,11384.28,1577060109,1577060110
1577060120,502cdf,51.27085876,20.20096238,229.1840803,338.6762433,0,ART9771 ,FALSE,FALSE,FALSE,5620,11582.4,11376.66,1577060120,1577060120
1577060130,502cdf,51.28995216,20.18913269,228.9975106,338.7961469,0,ART9771 ,FALSE,FALSE,FALSE,5620,11582.4,11376.66,1577060130,1577060130
1577060140,502cdf,51.30927134,20.17715454,228.9975106,338.7961469,0,ART9771 ,FALSE,FALSE,FALSE,5620,11582.4,11376.66,1577060140,1577060140
1577060150,502cdf,51.32840431,20.16532898,228.9975106,338.7961469,0,ART9771 ,FALSE,FALSE,FALSE,5620,11582.4,11376.66,1577060150,1577060150
1577060160,502cdf,51.34777004,20.15335083,228.5179705,338.7494945,0,ART9771 ,FALSE,FALSE,FALSE,5620,11582.4,11376.66,1577060160,1577060160
1577060170,502cdf,51.36685646,20.14144897,228.7049313,338.6293777,0,ART9771 ,FALSE,FALSE,FALSE,5620,11582.4,11376.66,1577060170,1577060170
1577060180,502cdf,51.3860321,20.12947701,228.2259361,338.5823154,0,ART9771 ,FALSE,FALSE,FALSE,5620,11582.4,11376.66,1577060180,1577060180
1577060190,502cdf,51.40516895,20.11741638,228.2259361,338.5823154,0,ART9771 ,FALSE,FALSE,FALSE,5620,11582.4,11376.66,1577060190,1577060190
1577060200,502cdf,51.42425537,20.10551453,228.2259361,338.5823154,0,ART9771 ,FALSE,FALSE,FALSE,5620,11582.4,11376.66,1577060200,1577060200
1577060210,502cdf,51.44242859,20.09406837,227.7470954,338.5350551,0.32512,ART9771 ,FALSE,FALSE,FALSE,5620,11582.4,11376.66,1577060210,1577060210
1577060220,502cdf,51.46142578,20.08211703,227.2684104,338.4875958,0,ART9771 ,FALSE,FALSE,FALSE,5620,11582.4,11376.66,1577060220,1577060220
1577060230,502cdf,51.48030427,20.07019043,227.4575619,338.3670363,0,ART9771 ,FALSE,FALSE,FALSE,5620,11582.4,11376.66,1577060229,1577060230
1577060240,502cdf,51.49987793,20.05769472,227.4575619,338.3670363,0,ART9771 ,FALSE,FALSE,FALSE,5620,11582.4,11376.66,1577060240,1577060240
1577060250,502cdf,51.51912883,20.04547119,226.9794322,338.3191623,-0.32512,ART9771 ,FALSE,FALSE,FALSE,5620,11582.4,11369.04,1577060250,1577060250
1577060260,502cdf,51.53802904,20.03341675,226.789882,338.4399361,0,ART9771 ,FALSE,FALSE,FALSE,5620,11582.4,11369.04,1577060260,1577060260
1577060270,502cdf,51.55705261,20.0213953,226.789882,338.4399361,0,ART9771 ,FALSE,FALSE,FALSE,5620,11582.4,11369.04,1577060270,1577060270
1577060280,502cdf,51.57545471,20.00981511,227.0802668,338.6083556,-0.32512,ART9771 ,FALSE,FALSE,FALSE,5620,11582.4,11369.04,1577060280,1577060280
1577060290,502cdf,51.5944969,19.99778748,227.0802668,338.6083556,0,ART9771 ,FALSE,FALSE,FALSE,5620,11582.4,11369.04,1577060290,1577060290
1577060300,502cdf,51.61325746,19.98596191,227.0802668,338.6083556,-0.32512,ART9771 ,FALSE,FALSE,FALSE,5620,11582.4,11361.42,1577060300,1577060300
1577060310,502cdf,51.63249207,19.97381262,227.0802668,338.6083556,0,ART9771 ,FALSE,FALSE,FALSE,5620,11574.78,11361.42,1577060310,1577060310
1577060320,502cdf,51.65148926,19.96193551,227.0802668,338.6083556,0.32512,ART9771 ,FALSE,FALSE,FALSE,5620,11574.78,11361.42,1577060320,1577060320
1577060330,502cdf,51.67066956,19.9498357,227.0802668,338.6083556,0,ART9771 ,FALSE,FALSE,FALSE,5620,11574.78,11361.42,1577060330,1577060330
1577060340,502cdf,51.68943787,19.93803282,227.0802668,338.6083556,0,ART9771 ,FALSE,FALSE,FALSE,5620,11582.4,11369.04,1577060340,1577060340
1577060350,502cdf,51.70788574,19.9263784,227.2684104,338.4875958,0,ART9771 ,FALSE,FALSE,FALSE,5620,11582.4,11369.04,1577060350,1577060350
1577060360,502cdf,51.72779846,19.91361051,227.4575619,338.3670363,0,ART9771 ,FALSE,FALSE,FALSE,5620,11582.4,11369.04,1577060360,1577060360
1577060370,502cdf,51.74630375,19.9017334,228.1256079,338.2945633,-0.32512,ART9771 ,FALSE,FALSE,FALSE,5620,11582.4,11369.04,1577060370,1577060370
1577060380,502cdf,51.76464844,19.89000475,228.6036557,338.3422487,0,ART9771 ,FALSE,FALSE,FALSE,5620,11574.78,11361.42,1577060379,1577060380
1577060390,502cdf,51.78456969,19.87731934,228.6036557,338.3422487,0,ART9771 ,FALSE,FALSE,FALSE,5620,11574.78,11361.42,1577060390,1577060390
1577060400,502cdf,51.80342335,19.8651886,228.6036557,338.3422487,0,ART9771 ,FALSE,FALSE,FALSE,5620,11574.78,11361.42,1577060400,1577060400
1577060410,502cdf,51.822052,19.85325994,229.0818612,338.389735,0,ART9771 ,FALSE,FALSE,FALSE,5620,11582.4,11353.8,1577060409,1577060410
1577060420,502cdf,51.8418755,19.84062195,229.5602234,338.4370235,0,ART9771 ,FALSE,FALSE,FALSE,5620,11574.78,11353.8,1577060420,1577060420
1577060430,502cdf,51.86063605,19.8285675,230.2279158,338.3650093,0,ART9771 ,FALSE,FALSE,FALSE,5620,11582.4,11361.42,1577060430,1577060430
1577060440,502cdf,51.88000178,19.81613159,230.2279158,338.3650093,0.32512,ART9771 ,FALSE,FALSE,FALSE,5620,11582.4,11361.42,1577060440,1577060440
1577060450,502cdf,51.8989563,19.80400085,230.8959698,338.2934117,0.32512,ART9771 ,FALSE,FALSE,FALSE,5620,11582.4,11361.42,1577060450,1577060450
1577060460,502cdf,51.91854858,19.79141235,230.8959698,338.2934117,0.32512,ART9771 ,FALSE,FALSE,FALSE,5620,11582.4,11361.42,1577060460,1577060460
1577060470,502cdf,51.93745422,19.77928162,231.3740128,338.3405286,0.32512,ART9771 ,FALSE,FALSE,FALSE,5620,11582.4,11361.42,1577060470,1577060470
1577060480,502cdf,51.95654297,19.76699829,231.3740128,338.3405286,0,ART9771 ,FALSE,FALSE,FALSE,5620,11590.02,11361.42,1577060479,1577060480
1577060490,502cdf,51.97654724,19.75410461,231.3740128,338.3405286,0,ART9771 ,FALSE,FALSE,FALSE,5620,11590.02,11369.04,1577060490,1577060490
1577060500,502cdf,51.99535822,19.7419608,231.3740128,338.3405286,0,ART9771 ,FALSE,FALSE,FALSE,5620,11590.02,11369.04,1577060500,1577060500
1577060510,502cdf,52.01528258,19.72916957,232.0421888,338.2693551,0,ART9771 ,FALSE,FALSE,FALSE,5620,11590.02,11369.04,1577060510,1577060510
1577060520,502cdf,52.03418279,19.71692766,232.0421888,338.2693551,-0.32512,ART9771 ,FALSE,FALSE,FALSE,5620,11590.02,11369.04,1577060520,1577060520
1577060530,502cdf,52.05336231,19.70452881,232.0421888,338.2693551,0,ART9771 ,FALSE,FALSE,FALSE,5620,11590.02,11369.04,1577060530,1577060530
1577060540,502cdf,52.07328667,19.69165911,232.0421888,338.2693551,0,ART9771 ,FALSE,FALSE,FALSE,5620,11590.02,11369.04,1577060540,1577060540
1577060550,502cdf,52.09236145,19.67926025,232.7107208,338.1985905,-0.32512,ART9771 ,FALSE,FALSE,FALSE,5620,11590.02,11369.04,1577060550,1577060550
1577060560,502cdf,52.11159916,19.66678292,232.7107208,338.1985905,0,ART9771 ,FALSE,FALSE,FALSE,5620,11582.4,11361.42,1577060560,1577060560
1577060570,502cdf,52.13082524,19.65422712,232.9022703,338.081085,0.32512,ART9771 ,FALSE,FALSE,FALSE,5620,11590.02,11369.04,1577060570,1577060570
1577060580,502cdf,52.15005131,19.64174979,233.1884484,338.245535,0,ART9771 ,FALSE,FALSE,FALSE,5620,11590.02,11369.04,1577060580,1577060580
1577060590,502cdf,52.17020843,19.62864467,233.1884484,338.245535,0,ART9771 ,FALSE,FALSE,FALSE,5620,11590.02,11369.04,1577060590,1577060590
1577060600,502cdf,52.18864312,19.61671666,233.1884484,338.245535,0,ART9771 ,FALSE,FALSE,FALSE,5620,11590.02,11369.04,1577060599,1577060600
1577060610,502cdf,52.20872498,19.60372925,232.7107208,338.1985905,0,ART9771 ,FALSE,FALSE,FALSE,5620,11590.02,11369.04,1577060610,1577060610
1577060620,502cdf,52.22813416,19.59106445,232.7107208,338.1985905,0,ART9771 ,FALSE,FALSE,FALSE,5620,11590.02,11369.04,1577060620,1577060620
1577060630,502cdf,52.24757825,19.57842146,232.7107208,338.1985905,0,ART9771 ,FALSE,FALSE,FALSE,5620,11590.02,11369.04,1577060630,1577060630
1577060640,502cdf,52.26675777,19.56586565,232.9022703,338.081085,0,ART9771 ,FALSE,FALSE,FALSE,5620,11590.02,11369.04,1577060640,1577060640
1577060650,502cdf,52.28604126,19.55322266,232.7107208,338.1985905,-0.32512,ART9771 ,FALSE,FALSE,FALSE,5620,11590.02,11369.04,1577060650,1577060650
1577060660,502cdf,52.30526733,19.54071045,232.7107208,338.1985905,0,ART9771 ,FALSE,FALSE,FALSE,5620,11590.02,11369.04,1577060660,1577060660
1577060670,502cdf,52.32499695,19.52774048,232.4250932,338.0337449,0,ART9771 ,FALSE,FALSE,FALSE,5620,11590.02,11361.42,1577060670,1577060670
1577060680,502cdf,52.34422069,19.51509312,232.4250932,338.0337449,0,ART9771 ,FALSE,FALSE,FALSE,5620,11590.02,11369.04,1577060680,1577060680
1577060690,502cdf,52.36386108,19.50210571,232.6180157,337.9162317,-0.32512,ART9771 ,FALSE,FALSE,FALSE,5620,11590.02,11369.04,1577060690,1577060690
1577060700,502cdf,52.38327802,19.48927525,232.1413943,337.868495,0,ART9771 ,FALSE,FALSE,FALSE,5620,11582.4,11361.42,1577060700,1577060700
1577060710,502cdf,52.40236444,19.4765625,232.1413943,337.868495,0,ART9771 ,FALSE,FALSE,FALSE,5620,11582.4,11361.42,1577060710,1577060710
1577060720,502cdf,52.42168362,19.46377128,231.9480755,337.9862101,0.32512,ART9771 ,FALSE,FALSE,FALSE,5620,11582.4,11361.42,1577060720,1577060720
1577060730,502cdf,52.4410028,19.45098005,232.4250932,338.0337449,0,ART9771 ,FALSE,FALSE,FALSE,5620,11590.02,11361.42,1577060730,1577060730
1577060740,502cdf,52.45999146,19.43847656,232.2331501,338.1514529,0,ART9771 ,FALSE,FALSE,FALSE,5620,11590.02,11353.8,1577060740,1577060740
1577060750,502cdf,52.47940839,19.4257115,231.7557373,338.1041211,0,ART9771 ,FALSE,FALSE,FALSE,5620,11582.4,11353.8,1577060750,1577060750
1577060760,502cdf,52.49839783,19.41322327,231.7557373,338.1041211,0,ART9771 ,FALSE,FALSE,FALSE,5620,11582.4,11353.8,1577060760,1577060760
1577060770,502cdf,52.51781399,19.40044294,231.7557373,338.1041211,0,ART9771 ,FALSE,FALSE,FALSE,5620,11582.4,11353.8,1577060770,1577060770
1577060780,502cdf,52.53708662,19.38773019,231.7557373,338.1041211,-0.32512,ART9771 ,FALSE,FALSE,FALSE,5620,11582.4,11353.8,1577060780,1577060780
1577060790,502cdf,52.55625916,19.37507629,231.7557373,338.1041211,0,ART9771 ,FALSE,FALSE,FALSE,5620,11582.4,11353.8,1577060790,1577060790
1577060800,502cdf,52.57605084,19.36199079,231.7557373,338.1041211,0,ART9771 ,FALSE,FALSE,FALSE,5620,11582.4,11353.8,1577060800,1577060800
1577060810,502cdf,52.59471829,19.34967041,231.471218,337.9384794,0,ART9771 ,FALSE,FALSE,FALSE,5620,11582.4,11353.8,1577060810,1577060810
1577060820,502cdf,52.61384583,19.33692932,231.2784833,338.0565938,0,ART9771 ,FALSE,FALSE,FALSE,5620,11582.4,11353.8,1577060820,1577060820
1577060830,502cdf,52.63366699,19.32380676,231.471218,337.9384794,0,ART9771 ,FALSE,FALSE,FALSE,5620,11582.4,11353.8,1577060830,1577060830
1577060840,502cdf,52.65270996,19.31114197,231.471218,337.9384794,0,ART9771 ,FALSE,FALSE,FALSE,5620,11582.4,11353.8,1577060840,1577060840
1577060850,502cdf,52.67193604,19.29832458,231.471218,337.9384794,0,ART9771 ,FALSE,FALSE,FALSE,5620,11582.4,11353.8,1577060850,1577060850
1577060860,502cdf,52.690979,19.28565979,231.2784833,338.0565938,0,ART9771 ,FALSE,FALSE,FALSE,5620,11582.4,11353.8,1577060860,1577060860
1577060870,502cdf,52.71030749,19.27284459,231.2784833,338.0565938,0,ART9771 ,FALSE,FALSE,FALSE,5620,11582.4,11353.8,1577060870,1577060870
1577060880,502cdf,52.72934736,19.26013184,231.471218,337.9384794,-0.32512,ART9771 ,FALSE,FALSE,FALSE,5620,11582.4,11353.8,1577060880,1577060880
1577060890,502cdf,52.74913206,19.24694824,231.471218,337.9384794,0,ART9771 ,FALSE,FALSE,FALSE,5620,11582.4,11353.8,1577060890,1577060890
1577060900,502cdf,52.76824951,19.23408508,231.1886381,337.7724314,0,ART9771 ,FALSE,FALSE,FALSE,5620,11582.4,11346.18,1577060900,1577060900
1577060910,502cdf,52.78765869,19.22103882,231.1886381,337.7724314,0,ART9771 ,FALSE,FALSE,FALSE,5620,11582.4,11346.18,1577060910,1577060910
1577060920,502cdf,52.80683899,19.20806885,231.1886381,337.7724314,0,ART9771 ,FALSE,FALSE,FALSE,5620,11582.4,11346.18,1577060920,1577060920
1577060930,502cdf,52.82538462,19.1956264,230.9945219,337.8905517,0,ART9771 ,FALSE,FALSE,FALSE,5620,11582.4,11346.18,1577060930,1577060930
1577060940,502cdf,52.84547424,19.18212891,230.9945219,337.8905517,0,ART9771 ,FALSE,FALSE,FALSE,5620,11582.4,11346.18,1577060940,1577060940
1577060950,502cdf,52.86387634,19.16976929,231.1886381,337.7724314,0,ART9771 ,FALSE,FALSE,FALSE,5620,11582.4,11346.18,1577060950,1577060950
1577060960,502cdf,52.88315595,19.1567034,230.9945219,337.8905517,0,ART9771 ,FALSE,FALSE,FALSE,5620,11582.4,11346.18,1577060960,1577060960
1577060970,502cdf,52.90223694,19.14390564,230.8013891,338.0088701,0,ART9771 ,FALSE,FALSE,FALSE,5620,13129.26,11346.18,1577060970,1577060970
1577060980,502cdf,52.921515,19.13104248,230.9945219,337.8905517,0,ART9771 ,FALSE,FALSE,FALSE,5620,11590.02,11353.8,1577060980,1577060980
1577060990,502cdf,52.94069452,19.11809431,230.9945219,337.8905517,0,ART9771 ,FALSE,FALSE,FALSE,5620,11582.4,11353.8,1577060990,1577060990
1577061000,502cdf,52.95977783,19.1053009,230.517988,337.8424257,0,ART9771 ,FALSE,FALSE,FALSE,5620,11582.4,11346.18,1577061000,1577061000
1577061010,502cdf,52.97961219,19.09196254,230.517988,337.8424257,0.32512,ART9771 ,FALSE,FALSE,FALSE,5620,11590.02,11346.18,1577061010,1577061010
1577061020,502cdf,52.99822998,19.07936096,230.0416175,337.7941005,0,ART9771 ,FALSE,FALSE,FALSE,5620,11590.02,11353.8,1577061020,1577061020
1577061030,502cdf,53.0171814,19.06661987,230.0416175,337.7941005,-0.32512,ART9771 ,FALSE,FALSE,FALSE,5620,11590.02,11353.8,1577061030,1577061030
1577061040,502cdf,53.03645325,19.05357361,230.0416175,337.7941005,0,ART9771 ,FALSE,FALSE,FALSE,5620,11582.4,11346.18,1577061040,1577061040
1577061050,502cdf,53.05577165,19.04040527,229.5654112,337.7455746,0,ART9771 ,FALSE,FALSE,FALSE,5620,11582.4,11346.18,1577061050,1577061050
1577061060,502cdf,53.07481152,19.02737863,229.7607349,337.6268429,-0.32512,ART9771 ,FALSE,FALSE,FALSE,5620,11582.4,11338.56,1577061060,1577061060
1577061070,502cdf,53.09376526,19.01443481,229.7607349,337.6268429,-0.32512,ART9771 ,FALSE,FALSE,FALSE,5620,11582.4,11338.56,1577061070,1577061070
1577061080,502cdf,53.11307745,19.0012584,229.2850995,337.5779105,0,ART9771 ,FALSE,FALSE,FALSE,5620,11582.4,11338.56,1577061080,1577061080
1577061090,502cdf,53.13211732,18.98825253,229.2850995,337.5779105,0.32512,ART9771 ,FALSE,FALSE,FALSE,5620,11582.4,11338.56,1577061090,1577061090
1577061100,502cdf,53.15031924,18.97581213,228.6134959,337.6479167,0,ART9771 ,FALSE,FALSE,FALSE,5620,11582.4,11338.56,1577061100,1577061100
1577061110,502cdf,53.17005739,18.96232156,228.6134959,337.6479167,0,ART9771 ,FALSE,FALSE,FALSE,5620,11582.4,11346.18,1577061110,1577061110
1577061120,502cdf,53.18844553,18.9497196,228.6134959,337.6479167,0,ART9771 ,FALSE,FALSE,FALSE,5620,11590.02,11346.18,1577061120,1577061120
1577061130,502cdf,53.20729065,18.93681989,228.1377888,337.5987822,0,ART9771 ,FALSE,FALSE,FALSE,5620,11582.4,11338.56,1577061130,1577061130
1577061140,502cdf,53.22674561,18.92347935,228.1377888,337.5987822,0,ART9771 ,FALSE,FALSE,FALSE,5620,11582.4,11338.56,1577061140,1577061140
1577061150,502cdf,53.24495994,18.9110251,227.4662882,337.6692032,0,ART9771 ,FALSE,FALSE,FALSE,5620,11582.4,11338.56,1577061150,1577061150
1577061160,502cdf,53.26367394,18.89818079,227.6622503,337.5494424,-0.32512,ART9771 ,FALSE,FALSE,FALSE,5620,11582.4,11338.56,1577061159,1577061160
1577061170,502cdf,53.2835052,18.88452866,227.6622503,337.5494424,0,ART9771 ,FALSE,FALSE,FALSE,5620,11582.4,11338.56,1577061170,1577061170
1577061180,502cdf,53.30180023,18.8719267,227.6622503,337.5494424,0,ART9771 ,FALSE,FALSE,FALSE,5620,11582.4,11338.56,1577061180,1577061180
1577061190,502cdf,53.32058716,18.85897391,228.1377888,337.5987822,-0.32512,ART9771 ,FALSE,FALSE,FALSE,5620,11582.4,11338.56,1577061190,1577061190
1577061200,502cdf,53.33985901,18.84563337,228.1377888,337.5987822,0,ART9771 ,FALSE,FALSE,FALSE,5620,11574.78,11330.94,1577061200,1577061200
1577061210,502cdf,53.35899353,18.83244978,228.1377888,337.5987822,0,ART9771 ,FALSE,FALSE,FALSE,5620,11574.78,11330.94,1577061210,1577061210
1577061220,502cdf,53.37763382,18.81958008,228.3343337,337.4794344,0,ART9771 ,FALSE,FALSE,FALSE,5620,11582.4,11338.56,1577061220,1577061220
1577061230,502cdf,53.396953,18.80625108,228.3343337,337.4794344,0,ART9771 ,FALSE,FALSE,FALSE,5620,11582.4,11338.56,1577061230,1577061230
1577061240,502cdf,53.41548079,18.79340677,228.3343337,337.4794344,0,ART9771 ,FALSE,FALSE,FALSE,5620,11582.4,11338.56,1577061240,1577061240
1577061250,502cdf,53.43419479,18.78040089,228.1377888,337.5987822,0,ART9771 ,FALSE,FALSE,FALSE,5620,11582.4,11338.56,1577061250,1577061250
1577061260,502cdf,53.45283508,18.76755197,228.3343337,337.4794344,0,ART9771 ,FALSE,FALSE,FALSE,5620,11582.4,11338.56,1577061259,1577061260
1577061270,502cdf,53.47233582,18.753976,228.5318676,337.3602924,0,ART9771 ,FALSE,FALSE,FALSE,5620,11582.4,11338.56,1577061270,1577061270
1577061280,502cdf,53.49092102,18.74102783,228.8096321,337.5287748,0,ART9771 ,FALSE,FALSE,FALSE,5620,11582.4,11338.56,1577061280,1577061280
1577061290,502cdf,53.51042175,18.72745187,228.8096321,337.5287748,0,ART9771 ,FALSE,FALSE,FALSE,5620,11582.4,11338.56,1577061290,1577061290
1577061300,502cdf,53.52925446,18.71432136,228.8096321,337.5287748,0,ART9771 ,FALSE,FALSE,FALSE,5620,11582.4,11338.56,1577061300,1577061300
1577061310,502cdf,53.54764259,18.70155783,228.8096321,337.5287748,0,ART9771 ,FALSE,FALSE,FALSE,5620,11582.4,11330.94,1577061310,1577061310
1577061320,502cdf,53.56733419,18.68782492,228.8096321,337.5287748,0,ART9771 ,FALSE,FALSE,FALSE,5620,11582.4,11338.56,1577061320,1577061320
1577061330,502cdf,53.58622742,18.67471749,228.8096321,337.5287748,0,ART9771 ,FALSE,FALSE,FALSE,5620,11582.4,11338.56,1577061330,1577061330
1577061340,502cdf,53.6050415,18.66169085,228.8096321,337.5287748,0,ART9771 ,FALSE,FALSE,FALSE,5620,11582.4,11330.94,1577061340,1577061340
1577061350,502cdf,53.62380981,18.64850725,229.006756,337.4098374,0,ART9771 ,FALSE,FALSE,FALSE,5620,11582.4,11330.94,1577061350,1577061350
1577061360,502cdf,53.64265571,18.63531674,229.006756,337.4098374,0,ART9771 ,FALSE,FALSE,FALSE,5620,11582.4,11330.94,1577061360,1577061360
1577061370,502cdf,53.66157532,18.62214007,229.006756,337.4098374,0,ART9771 ,FALSE,FALSE,FALSE,5620,11582.4,11330.94,1577061370,1577061370
1577061380,502cdf,53.68120096,18.60833561,229.006756,337.4098374,0.32512,ART9771 ,FALSE,FALSE,FALSE,5620,11590.02,11338.56,1577061380,1577061380
1577061390,502cdf,53.70019428,18.59508739,229.006756,337.4098374,0,ART9771 ,FALSE,FALSE,FALSE,5620,11590.02,11338.56,1577061390,1577061390
1577061400,502cdf,53.71925354,18.5816476,229.006756,337.4098374,0,ART9771 ,FALSE,FALSE,FALSE,5620,11590.02,11338.56,1577061400,1577061400
1577061410,502cdf,53.73797607,18.56854248,228.5318676,337.3602924,0,ART9771 ,FALSE,FALSE,FALSE,5620,11590.02,11338.56,1577061410,1577061410
1577061420,502cdf,53.7568018,18.55526195,228.5318676,337.3602924,0,ART9771 ,FALSE,FALSE,FALSE,5620,11590.02,11338.56,1577061420,1577061420
1577061430,502cdf,53.7755158,18.54209451,228.0571507,337.310541,0,ART9771 ,FALSE,FALSE,FALSE,5620,11590.02,11338.56,1577061430,1577061430
1577061440,502cdf,53.79478843,18.52852316,228.0571507,337.310541,0,ART9771 ,FALSE,FALSE,FALSE,5620,11590.02,11338.56,1577061440,1577061440
1577061450,502cdf,53.81355286,18.51533726,228.0571507,337.310541,0,ART9771 ,FALSE,FALSE,FALSE,5620,11590.02,11338.56,1577061450,1577061450
1577061460,502cdf,53.8318634,18.50238909,228.0571507,337.310541,-0.32512,ART9771 ,FALSE,FALSE,FALSE,5620,11590.02,11338.56,1577061460,1577061460
1577061470,502cdf,53.85083732,18.48894007,228.0571507,337.310541,0,ART9771 ,FALSE,FALSE,FALSE,5620,11590.02,11338.56,1577061470,1577061470
1577061480,502cdf,53.87036133,18.47508022,228.0571507,337.310541,0,ART9771 ,FALSE,FALSE,FALSE,5620,11590.02,11338.56,1577061480,1577061480
1577061490,502cdf,53.88848877,18.46228899,228.2560839,337.1914014,0,ART9771 ,FALSE,FALSE,FALSE,5620,11582.4,11330.94,1577061490,1577061490
1577061500,502cdf,53.90800347,18.44838759,228.2560839,337.1914014,0,ART9771 ,FALSE,FALSE,FALSE,5620,11582.4,11330.94,1577061500,1577061500
1577061510,502cdf,53.92652893,18.43513707,227.7819542,337.1412381,0,ART9771 ,FALSE,FALSE,FALSE,5620,11582.4,11330.94,1577061510,1577061510
1577061520,502cdf,53.9455719,18.4215611,228.0571507,337.310541,0,ART9771 ,FALSE,FALSE,FALSE,5620,11582.4,11330.94,1577061520,1577061520
1577061530,502cdf,53.96406555,18.40845598,228.0571507,337.310541,0,ART9771 ,FALSE,FALSE,FALSE,5620,11582.4,11330.94,1577061530,1577061530
1577061540,502cdf,53.98299912,18.39499081,227.5826065,337.2605822,0,ART9771 ,FALSE,FALSE,FALSE,5620,11582.4,11330.94,1577061540,1577061540
1577061550,502cdf,54.00180623,18.38158103,227.7819542,337.1412381,0,ART9771 ,FALSE,FALSE,FALSE,5620,11582.4,11330.94,1577061550,1577061550
1577061560,502cdf,54.02050781,18.36812047,227.7819542,337.1412381,0,ART9771 ,FALSE,FALSE,FALSE,5620,11582.4,11323.32,1577061560,1577061560
1577061570,502cdf,54.03979285,18.35435755,227.7819542,337.1412381,0,ART9771 ,FALSE,FALSE,FALSE,5620,11582.4,11323.32,1577061570,1577061570
1577061580,502cdf,54.05813599,18.34128244,227.5826065,337.2605822,0,ART9771 ,FALSE,FALSE,FALSE,5620,11582.4,11323.32,1577061580,1577061580
1577061590,502cdf,54.07684843,18.32794189,227.5826065,337.2605822,0,ART9771 ,FALSE,FALSE,FALSE,5620,11582.4,11323.32,1577061590,1577061590
1577061600,502cdf,54.09621417,18.3141282,227.1082361,337.2104146,0,ART9771 ,FALSE,FALSE,FALSE,5620,11582.4,11323.32,1577061600,1577061600
1577061610,502cdf,54.11483506,18.3007992,227.1082361,337.2104146,0,ART9771 ,FALSE,FALSE,FALSE,5620,11582.4,11323.32,1577061610,1577061610
1577061620,502cdf,54.13364216,18.28730864,227.1082361,337.2104146,0,ART9771 ,FALSE,FALSE,FALSE,5620,11582.4,11323.32,1577061620,1577061620
1577061630,502cdf,54.15221651,18.27397964,227.3079997,337.0908656,0.32512,ART9771 ,FALSE,FALSE,FALSE,5620,11582.4,11323.32,1577061630,1577061630
1577061640,502cdf,54.17106628,18.26037598,226.8342217,337.0402827,0,ART9771 ,FALSE,FALSE,FALSE,5620,11582.4,11323.32,1577061640,1577061640
1577061650,502cdf,54.18960571,18.24695696,226.8342217,337.0402827,0,ART9771 ,FALSE,FALSE,FALSE,5620,11582.4,11323.32,1577061650,1577061650
1577061660,502cdf,54.20882403,18.23310403,226.8342217,337.0402827,0,ART9771 ,FALSE,FALSE,FALSE,5620,11582.4,11323.32,1577061660,1577061660
1577061670,502cdf,54.22758458,18.21953269,226.8342217,337.0402827,0,ART9771 ,FALSE,FALSE,FALSE,5620,11582.4,11323.32,1577061670,1577061670
1577061680,502cdf,54.24545288,18.20662144,226.8342217,337.0402827,0,ART9771 ,FALSE,FALSE,FALSE,5620,11582.4,11323.32,1577061679,1577061680
1577061690,502cdf,54.2643143,18.19295547,226.8342217,337.0402827,0,ART9771 ,FALSE,FALSE,FALSE,5620,11582.4,11323.32,1577061690,1577061690
1577061700,502cdf,54.28330994,18.17922256,226.8342217,337.0402827,0,ART9771 ,FALSE,FALSE,FALSE,5620,11582.4,11323.32,1577061700,1577061700
1577061710,502cdf,54.30189514,18.16581277,226.8342217,337.0402827,0,ART9771 ,FALSE,FALSE,FALSE,5620,11582.4,11323.32,1577061710,1577061710
1577061720,502cdf,54.32087526,18.15207741,226.8342217,337.0402827,0.32512,ART9771 ,FALSE,FALSE,FALSE,5620,11582.4,11323.32,1577061720,1577061720
1577061730,502cdf,54.33970642,18.13842773,226.8342217,337.0402827,0,ART9771 ,FALSE,FALSE,FALSE,5620,11582.4,11323.32,1577061730,1577061730
1577061740,502cdf,54.35824585,18.12493717,226.8342217,337.0402827,0,ART9771 ,FALSE,FALSE,FALSE,5620,11582.4,11323.32,1577061740,1577061740
1577061750,502cdf,54.37715149,18.11120426,227.0353922,336.92074,0,ART9771 ,FALSE,FALSE,FALSE,5620,11582.4,11323.32,1577061750,1577061750
1577061760,502cdf,54.39582825,18.09755213,227.0353922,336.92074,0,ART9771 ,FALSE,FALSE,FALSE,5620,11582.4,11323.32,1577061760,1577061760
1577061770,502cdf,54.41444526,18.08391224,227.0353922,336.92074,0,ART9771 ,FALSE,FALSE,FALSE,5620,11582.4,11323.32,1577061770,1577061770
1577061780,502cdf,54.4329071,18.070571,226.8342217,337.0402827,0,ART9771 ,FALSE,FALSE,FALSE,5620,11582.4,11323.32,1577061780,1577061780
1577061790,502cdf,54.45199585,18.05667653,226.8342217,337.0402827,0,ART9771 ,FALSE,FALSE,FALSE,5620,11582.4,11323.32,1577061790,1577061790
1577061800,502cdf,54.47058105,18.04318596,226.8342217,337.0402827,0,ART9771 ,FALSE,FALSE,FALSE,5620,11582.4,11323.32,1577061800,1577061800
1577061810,502cdf,54.48958057,18.02939675,226.8342217,337.0402827,0,ART9771 ,FALSE,FALSE,FALSE,5620,11582.4,11323.32,1577061810,1577061810
1577061820,502cdf,54.50848078,18.01558061,226.5622123,336.8697407,0,ART9771 ,FALSE,FALSE,FALSE,5620,11590.02,11330.94,1577061820,1577061820
1577061830,502cdf,54.5272522,18.00182567,226.7647911,336.7502068,0,ART9771 ,FALSE,FALSE,FALSE,5620,11590.02,11330.94,1577061830,1577061830
1577061840,502cdf,54.54586223,17.98803156,226.7647911,336.7502068,0,ART9771 ,FALSE,FALSE,FALSE,5620,11582.4,11315.7,1577061840,1577061840
1577061850,502cdf,54.56387329,17.97468298,226.7647911,336.7502068,0,ART9771 ,FALSE,FALSE,FALSE,5620,11582.4,11323.32,1577061850,1577061850
1577061860,502cdf,54.58259195,17.96081543,226.7647911,336.7502068,0,ART9771 ,FALSE,FALSE,FALSE,5620,11590.02,11315.7,1577061860,1577061860
1577061870,502cdf,54.60130595,17.94699929,226.5622123,336.8697407,0,ART9771 ,FALSE,FALSE,FALSE,5620,11590.02,11323.32,1577061870,1577061870
1577061880,502cdf,54.61997339,17.93334961,226.3606213,336.9894881,0,ART9771 ,FALSE,FALSE,FALSE,5620,11590.02,11323.32,1577061880,1577061880
1577061890,502cdf,54.63882705,17.91953347,226.3606213,336.9894881,0,ART9771 ,FALSE,FALSE,FALSE,5620,11590.02,11323.32,1577061890,1577061890
1577061900,502cdf,54.65739441,17.90593764,225.8871995,336.9384805,-0.32512,ART9771 ,FALSE,FALSE,FALSE,5620,11590.02,11315.7,1577061900,1577061900
1577061910,502cdf,54.67662048,17.89172004,226.2922149,336.6987903,-0.32512,ART9771 ,FALSE,FALSE,FALSE,5620,11582.4,11315.7,1577061910,1577061910
1577061920,502cdf,54.69465637,17.87831026,226.0892126,336.818528,0,ART9771 ,FALSE,FALSE,FALSE,5620,11582.4,11315.7,1577061920,1577061920
1577061930,502cdf,54.71310425,17.86473891,226.0892126,336.818528,0,ART9771 ,FALSE,FALSE,FALSE,5620,11582.4,11315.7,1577061930,1577061930
1577061940,502cdf,54.73165221,17.85103538,226.0892126,336.818528,0,ART9771 ,FALSE,FALSE,FALSE,5620,11582.4,11315.7,1577061940,1577061940
1577061950,502cdf,54.75064552,17.83696955,225.6163943,336.7671006,0,ART9771 ,FALSE,FALSE,FALSE,5620,11582.4,11315.7,1577061950,1577061950
1577061960,502cdf,54.76913452,17.82321706,225.6163943,336.7671006,0,ART9771 ,FALSE,FALSE,FALSE,5620,11582.4,11315.7,1577061960,1577061960
1577061970,502cdf,54.78816663,17.80900435,225.3476125,336.5953104,0,ART9771 ,FALSE,FALSE,FALSE,5620,11582.4,11315.7,1577061970,1577061970
1577061980,502cdf,54.80589294,17.79575124,225.3476125,336.5953104,0,ART9771 ,FALSE,FALSE,FALSE,5620,11582.4,11315.7,1577061979,1577061980
1577061990,502cdf,54.82516479,17.78129129,225.3476125,336.5953104,0,ART9771 ,FALSE,FALSE,FALSE,5620,11582.4,11315.7,1577061990,1577061990
1577062000,502cdf,54.8429718,17.76796229,225.3476125,336.5953104,0,ART9771 ,FALSE,FALSE,FALSE,5620,11582.4,11315.7,1577062000,1577062000
1577062010,502cdf,54.86228943,17.75350234,225.6163943,336.7671006,0,ART9771 ,FALSE,FALSE,FALSE,5620,11582.4,11315.7,1577062010,1577062010
1577062020,502cdf,54.88069153,17.73985021,225.4139575,336.8872587,0,ART9771 ,FALSE,FALSE,FALSE,5620,11582.4,11315.7,1577062020,1577062020
1577062030,502cdf,54.89886475,17.72635965,225.6163943,336.7671006,0,ART9771 ,FALSE,FALSE,FALSE,5620,11582.4,11315.7,1577062030,1577062030
1577062040,502cdf,54.91799927,17.71206126,225.1437586,336.7154573,0,ART9771 ,FALSE,FALSE,FALSE,5620,11582.4,11315.7,1577062040,1577062040
1577062050,502cdf,54.93617249,17.69848992,225.3476125,336.5953104,0,ART9771 ,FALSE,FALSE,FALSE,5620,11582.4,11315.7,1577062050,1577062050
1577062060,502cdf,54.95421846,17.68490878,224.6713065,336.6635967,0,ART9771 ,FALSE,FALSE,FALSE,5620,11582.4,11315.7,1577062060,1577062060
1577062070,502cdf,54.97363074,17.67034357,224.6713065,336.6635967,0,ART9771 ,FALSE,FALSE,FALSE,5620,11582.4,11308.08,1577062070,1577062070
1577062080,502cdf,54.99066886,17.65760942,224.6713065,336.6635967,0,ART9771 ,FALSE,FALSE,FALSE,5620,11582.4,11323.32,1577062079,1577062080
1577062090,502cdf,55.00996399,17.64307359,224.6713065,336.6635967,0,ART9771 ,FALSE,FALSE,FALSE,5620,11582.4,11315.7,1577062090,1577062090
1577062100,502cdf,55.0287323,17.63014849,225.5612556,339.9945646,0,ART9771 ,FALSE,FALSE,FALSE,5620,11582.4,11315.7,1577062100,1577062100
1577062110,502cdf,55.04867295,17.61882435,226.2735018,343.6251622,0,ART9771 ,FALSE,FALSE,FALSE,5620,11582.4,11315.7,1577062110,1577062110
1577062120,502cdf,55.0680542,17.61003382,227.2311435,346.7817626,0,ART9771 ,FALSE,FALSE,FALSE,5620,11582.4,11308.08,1577062120,1577062120
1577062130,502cdf,55.08810425,17.60324815,228.186506,350.1341931,0,ART9771 ,FALSE,FALSE,FALSE,5620,11582.4,11308.08,1577062130,1577062130
1577062140,502cdf,55.10816671,17.59735107,227.8429441,350.6440173,0,ART9771 ,FALSE,FALSE,FALSE,5620,11582.4,11308.08,1577062140,1577062140
1577062150,502cdf,55.12795141,17.59169145,227.8429441,350.6440173,0,ART9771 ,FALSE,FALSE,FALSE,5620,11582.4,11308.08,1577062150,1577062150
1577062160,502cdf,55.14797974,17.58579927,227.9271414,350.5164178,0,ART9771 ,FALSE,FALSE,FALSE,5620,11582.4,11308.08,1577062159,1577062160
1577062170,502cdf,55.16826565,17.57995605,227.9271414,350.5164178,0,ART9771 ,FALSE,FALSE,FALSE,5620,11582.4,11308.08,1577062170,1577062170
1577062180,502cdf,55.18830872,17.57408591,227.9271414,350.5164178,0,ART9771 ,FALSE,FALSE,FALSE,5620,11582.4,11308.08,1577062179,1577062180
1577062190,502cdf,55.20839368,17.56822066,227.9271414,350.5164178,0,ART9771 ,FALSE,FALSE,FALSE,5620,11582.4,11308.08,1577062189,1577062190
1577062200,502cdf,55.22934219,17.56206166,227.9271414,350.5164178,0,ART9771 ,FALSE,FALSE,FALSE,5620,11582.4,11308.08,1577062200,1577062200
1577062210,502cdf,55.24884757,17.55640203,227.9271414,350.5164178,0,ART9771 ,FALSE,FALSE,FALSE,5620,11582.4,11308.08,1577062210,1577062210
1577062220,502cdf,55.26887512,17.55049762,227.9271414,350.5164178,0,ART9771 ,FALSE,FALSE,FALSE,5620,11582.4,11308.08,1577062219,1577062220
1577062230,502cdf,55.28953423,17.54441695,227.4197442,350.4950629,0,ART9771 ,FALSE,FALSE,FALSE,5620,11582.4,11308.08,1577062230,1577062230
1577062240,502cdf,55.30975342,17.53854191,227.4197442,350.4950629,0,ART9771 ,FALSE,FALSE,FALSE,5620,11590.02,11315.7,1577062240,1577062240
1577062250,502cdf,55.32956915,17.53268155,227.4197442,350.4950629,-0.32512,ART9771 ,FALSE,FALSE,FALSE,5620,11582.4,11308.08,1577062250,1577062250
1577062260,502cdf,55.34976196,17.52674776,227.4197442,350.4950629,0,ART9771 ,FALSE,FALSE,FALSE,5620,11582.4,11308.08,1577062260,1577062260
1577062270,502cdf,55.36960408,17.52094616,227.4197442,350.4950629,0,ART9771 ,FALSE,FALSE,FALSE,5620,11582.4,11308.08,1577062270,1577062270
1577062280,502cdf,55.38948188,17.51512007,227.4197442,350.4950629,0,ART9771 ,FALSE,FALSE,FALSE,5620,11582.4,11308.08,1577062279,1577062280
1577062290,502cdf,55.40968323,17.50913732,227.5052614,350.3672819,0,ART9771 ,FALSE,FALSE,FALSE,5620,11582.4,11308.08,1577062290,1577062290
1577062300,502cdf,55.43049441,17.5028853,227.5052614,350.3672819,0,ART9771 ,FALSE,FALSE,FALSE,5620,11582.4,11308.08,1577062300,1577062300
1577062310,502cdf,55.45074463,17.49689276,227.5052614,350.3672819,0,ART9771 ,FALSE,FALSE,FALSE,5620,11582.4,11308.08,1577062310,1577062310
1577062320,502cdf,55.47084045,17.49090021,227.5052614,350.3672819,0,ART9771 ,FALSE,FALSE,FALSE,5620,11582.4,11300.46,1577062320,1577062320
1577062330,502cdf,55.49087266,17.4849987,227.9271414,350.5164178,0,ART9771 ,FALSE,FALSE,FALSE,5620,11582.4,11300.46,1577062330,1577062330
1577062340,502cdf,55.5104246,17.47924805,228.0124684,350.3889131,0,ART9771 ,FALSE,FALSE,FALSE,5620,11582.4,11300.46,1577062340,1577062340
1577062350,502cdf,55.5311869,17.47298241,228.4345702,350.5376778,0,ART9771 ,FALSE,FALSE,FALSE,5620,11582.4,11300.46,1577062350,1577062350
1577062360,502cdf,55.55129746,17.46800423,229.1378852,352.9068944,0,ART9771 ,FALSE,FALSE,FALSE,5620,11582.4,11300.46,1577062360,1577062360
1577062370,502cdf,55.57145691,17.46459961,229.5187164,355.886934,0.32512,ART9771 ,FALSE,FALSE,FALSE,5620,11582.4,11300.46,1577062370,1577062370
1577062380,502cdf,55.59170481,17.46285439,230.0393165,358.4622276,0.32512,ART9771 ,FALSE,FALSE,FALSE,5620,11582.4,11300.46,1577062379,1577062380
1577062390,502cdf,55.6134447,17.46302605,231.0678356,1.530925886,0,ART9771 ,FALSE,FALSE,FALSE,5620,11582.4,11300.46,1577062390,1577062390
1577062400,502cdf,55.63308974,17.46474266,231.4666446,3.695485277,0.32512,ART9771 ,FALSE,FALSE,FALSE,5620,11582.4,11300.46,1577062399,1577062400
1577062410,502cdf,55.65472412,17.46734619,231.5352368,3.949565636,0,ART9771 ,FALSE,FALSE,FALSE,5620,11590.02,11308.08,1577062410,1577062410
1577062420,502cdf,55.67518616,17.46984308,231.5352368,3.949565636,0,ART9771 ,FALSE,FALSE,FALSE,5620,11590.02,11308.08,1577062420,1577062420
1577062430,502cdf,55.69551086,17.47233998,231.5003716,3.822544277,0,ART9771 ,FALSE,FALSE,FALSE,5620,11590.02,11308.08,1577062430,1577062430
1577062440,502cdf,55.71627859,17.47478485,231.4666446,3.695485277,-0.32512,ART9771 ,FALSE,FALSE,FALSE,5620,11582.4,11300.46,1577062440,1577062440
1577062450,502cdf,55.73693848,17.47725053,232.1989597,4.44738485,-0.32512,ART9771 ,FALSE,FALSE,FALSE,5620,11582.4,11300.46,1577062450,1577062450
1577062460,502cdf,55.7570343,17.48041326,232.0421888,5.470440163,0,ART9771 ,FALSE,FALSE,FALSE,5620,11582.4,11300.46,1577062460,1577062460
1577062470,502cdf,55.77889135,17.48422623,232.1425344,5.723227267,0,ART9771 ,FALSE,FALSE,FALSE,5620,11582.4,11300.46,1577062470,1577062470
1577062480,502cdf,55.79846191,17.48773748,232.1944006,5.849537657,0,ART9771 ,FALSE,FALSE,FALSE,5620,11582.4,11300.46,1577062480,1577062480
1577062490,502cdf,55.82038879,17.49173251,232.1425344,5.723227267,0,ART9771 ,FALSE,FALSE,FALSE,5620,11582.4,11300.46,1577062490,1577062490
1577062500,502cdf,55.8412248,17.49538422,232.1425344,5.723227267,0,ART9771 ,FALSE,FALSE,FALSE,5620,11582.4,11300.46,1577062500,1577062500
1577062510,502cdf,55.85965949,17.49873161,232.1944006,5.849537657,0,ART9771 ,FALSE,FALSE,FALSE,5620,11582.4,11300.46,1577062509,1577062510
1577062520,502cdf,55.88265629,17.50285149,232.1425344,5.723227267,0,ART9771 ,FALSE,FALSE,FALSE,5620,11582.4,11300.46,1577062520,1577062520
1577062530,502cdf,55.90337204,17.50645638,232.0917969,5.596861038,0,ART9771 ,FALSE,FALSE,FALSE,5620,11582.4,11300.46,1577062530,1577062530
1577062540,502cdf,55.92393494,17.51012629,232.1425344,5.723227267,0,ART9771 ,FALSE,FALSE,FALSE,5620,11582.4,11292.84,1577062540,1577062540
1577062550,502cdf,55.94433801,17.51375198,232.1425344,5.723227267,0,ART9771 ,FALSE,FALSE,FALSE,5620,11590.02,11300.46,1577062550,1577062550
1577062560,502cdf,55.96559143,17.51753374,232.1425344,5.723227267,-0.32512,ART9771 ,FALSE,FALSE,FALSE,5620,11582.4,11292.84,1577062560,1577062560
1577062570,502cdf,55.98504639,17.52102939,232.1425344,5.723227267,0,ART9771 ,FALSE,FALSE,FALSE,5620,11582.4,11292.84,1577062570,1577062570
1577062580,502cdf,56.00614929,17.52477472,232.0917969,5.596861038,0,ART9771 ,FALSE,FALSE,FALSE,5620,11582.4,11292.84,1577062580,1577062580
1577062590,502cdf,56.02678202,17.52842903,232.0917969,5.596861038,0,ART9771 ,FALSE,FALSE,FALSE,5620,11582.4,11300.46,1577062590,1577062590
1577062600,502cdf,56.04763742,17.53203392,232.0421888,5.470440163,0,ART9771 ,FALSE,FALSE,FALSE,5620,11582.4,11292.84,1577062600,1577062600
1577062610,502cdf,56.06826782,17.53551136,232.0421888,5.470440163,0,ART9771 ,FALSE,FALSE,FALSE,5620,11582.4,11292.84,1577062610,1577062610
1577062620,502cdf,56.08925512,17.53915787,232.1425344,5.723227267,0,ART9771 ,FALSE,FALSE,FALSE,5620,11582.4,11292.84,1577062620,1577062620
1577062630,502cdf,56.10913293,17.54276276,232.1425344,5.723227267,0,ART9771 ,FALSE,FALSE,FALSE,5620,11582.4,11292.84,1577062630,1577062630
1577062640,502cdf,56.12961591,17.54636765,232.0917969,5.596861038,0,ART9771 ,FALSE,FALSE,FALSE,5620,11582.4,11292.84,1577062640,1577062640
1577062650,502cdf,56.15158857,17.55031586,232.0917969,5.596861038,0,ART9771 ,FALSE,FALSE,FALSE,5620,11582.4,11292.84,1577062650,1577062650
1577062660,502cdf,56.1713562,17.55373868,232.1425344,5.723227267,0,ART9771 ,FALSE,FALSE,FALSE,5620,11582.4,11292.84,1577062660,1577062660
1577062670,502cdf,56.19309998,17.55765048,232.1425344,5.723227267,0,ART9771 ,FALSE,FALSE,FALSE,5620,11582.4,11292.84,1577062670,1577062670
1577062680,502cdf,56.21331684,17.56121635,232.1425344,5.723227267,0,ART9771 ,FALSE,FALSE,FALSE,5620,11582.4,11292.84,1577062680,1577062680
1577062690,502cdf,56.23445155,17.5649929,232.6037938,5.584502277,0,ART9771 ,FALSE,FALSE,FALSE,5620,11582.4,11292.84,1577062690,1577062690
1577062700,502cdf,56.25498109,17.56859779,232.554295,5.458357129,0,ART9771 ,FALSE,FALSE,FALSE,5620,11582.4,11292.84,1577062700,1577062700
1577062710,502cdf,56.27568054,17.57213246,232.6037938,5.584502277,0,ART9771 ,FALSE,FALSE,FALSE,5620,11582.4,11292.84,1577062710,1577062710
1577062720,502cdf,56.296875,17.5758778,233.1158015,5.572197804,0,ART9771 ,FALSE,FALSE,FALSE,5620,11582.4,11292.84,1577062720,1577062720
1577062730,502cdf,56.31765747,17.57953991,233.1158015,5.572197804,0,ART9771 ,FALSE,FALSE,FALSE,5620,11582.4,11292.84,1577062730,1577062730
1577062740,502cdf,56.33789063,17.58303556,233.6278199,5.559947263,0.32512,ART9771 ,FALSE,FALSE,FALSE,5620,11582.4,11292.84,1577062740,1577062740
1577062750,502cdf,56.35883913,17.58670807,233.6278199,5.559947263,0.32512,ART9771 ,FALSE,FALSE,FALSE,5620,11582.4,11292.84,1577062750,1577062750
1577062760,502cdf,56.37936401,17.59035977,233.6278199,5.559947263,0,ART9771 ,FALSE,FALSE,FALSE,5620,11582.4,11292.84,1577062760,1577062760
1577062770,502cdf,56.40065002,17.59410511,233.6782239,5.685490936,0,ART9771 ,FALSE,FALSE,FALSE,5620,11582.4,11292.84,1577062770,1577062770
1577062780,502cdf,56.42140534,17.59786606,234.1901427,5.67302214,0,ART9771 ,FALSE,FALSE,FALSE,5620,11582.4,11292.84,1577062780,1577062780
1577062790,502cdf,56.44291247,17.60172844,234.1901427,5.67302214,0,ART9771 ,FALSE,FALSE,FALSE,5620,11582.4,11292.84,1577062790,1577062790
